Date,ClosePrice
2015-07-27,26.5705
2015-07-24,26.471
2015-07-23,24.109
2015-07-22,24.4135
2015-07-21,24.4
2015-07-20,24.405
2015-07-17,24.1505
2015-07-16,23.774
2015-07-15,23.0595
2015-07-14,23.2785
2015-07-13,22.7785
2015-07-10,22.1755
2015-07-09,21.7195
2015-07-08,21.485
2015-07-07,21.836
2015-07-06,21.802
2015-07-02,21.8855
2015-07-01,21.8695
2015-06-30,21.7045
2015-06-29,21.493
2015-06-26,21.905
2015-06-25,22.005
2015-06-24,22.042
2015-06-23,22.2995
2015-06-22,21.8145
2015-06-19,21.746
2015-06-18,21.9695
2015-06-17,21.3905
2015-06-16,21.363
2015-06-15,21.1835
2015-06-12,21.496
2015-06-11,21.6485
2015-06-10,21.5385
2015-06-09,21.274
2015-06-08,21.175
2015-06-05,21.3475
2015-06-04,21.539
2015-06-03,21.8295
2015-06-02,21.5495
2015-06-01,21.546
2015-05-29,21.4615
2015-05-28,21.3285
2015-05-27,21.571
2015-05-26,21.2735
2015-05-22,21.3815
2015-05-21,21.5815
2015-05-20,21.193
2015-05-19,21.0855
2015-05-18,21.262
2015-05-15,21.3
2015-05-14,21.614
2015-05-13,21.3435
2015-05-12,21.551
2015-05-11,21.6425
2015-05-08,21.6845
2015-05-07,21.344
2015-05-06,20.955
2015-05-05,21.0595
2015-05-04,21.152
2015-05-01,21.1435
2015-04-30,21.089
2015-04-29,21.4685
2015-04-28,21.4655
2015-04-27,21.928
2015-04-24,22.255
2015-04-23,19.4995
2015-04-22,19.49
2015-04-21,19.559
2015-04-20,19.4755
2015-04-17,18.778
2015-04-16,19.302
2015-04-15,19.1725
2015-04-14,19.2555
2015-04-13,19.118
2015-04-10,19.1325
2015-04-09,19.177
2015-04-08,19.06
2015-04-07,18.7205
2015-04-06,18.852
2015-04-02,18.6125
2015-04-01,18.5128
2015-03-31,18.605
2015-03-30,18.7295
2015-03-27,18.528
2015-03-26,18.3675
2015-03-25,18.548
2015-03-24,18.7045
2015-03-23,18.7555
2015-03-20,18.9245
2015-03-19,18.662
2015-03-18,18.7568
2015-03-17,18.596
2015-03-16,18.6675
2015-03-13,18.529
2015-03-12,18.712
2015-03-11,18.3185
2015-03-10,18.4755
2015-03-09,18.928
2015-03-06,19.0045
2015-03-05,19.3915
2015-03-04,19.136
2015-03-03,19.2305
2015-03-02,19.2828
2015-02-27,19.008
2015-02-26,19.24
2015-02-25,19.2685
2015-02-24,18.9295
2015-02-23,19.007
2015-02-20,19.183
2015-02-19,18.9498
2015-02-18,18.6685
2015-02-17,18.7715
2015-02-13,19.0915
2015-02-12,18.8585
2015-02-11,18.757
2015-02-10,18.6498
2015-02-09,18.528
2015-02-06,18.714
2015-02-05,18.6945
2015-02-04,18.2375
2015-02-03,18.1775
2015-02-02,18.2235
2015-01-30,17.7265
2015-01-29,15.589
2015-01-28,15.1955
2015-01-27,15.3375
2015-01-26,15.483
2015-01-23,15.6195
2015-01-22,15.516
2015-01-21,14.8625
2015-01-20,14.472
2015-01-16,14.537
2015-01-15,14.3475
2015-01-14,14.6635
2015-01-13,14.737
2015-01-12,14.5705
2015-01-09,14.8465
2015-01-08,15.023
2015-01-07,14.921
2015-01-06,14.7645
2015-01-05,15.1095
2015-01-02,15.426
2014-12-31,15.5175
2014-12-30,15.515
2014-12-29,15.602
2014-12-26,15.4545
2014-12-24,15.1515
2014-12-23,15.3143
2014-12-22,15.327
2014-12-19,14.995
2014-12-18,14.8865
2014-12-17,14.944
2014-12-16,14.753
2014-12-15,15.3035
2014-12-12,15.366
2014-12-11,15.368
2014-12-10,15.292
2014-12-09,15.625
2014-12-08,15.332
2014-12-05,15.6315
2014-12-04,15.8465
2014-12-03,15.825
2014-12-02,16.3155
2014-12-01,16.3
2014-11-28,16.932
2014-11-26,16.6785
2014-11-25,16.752
2014-11-24,16.782
2014-11-21,16.6315
2014-11-20,16.527
2014-11-19,16.327
2014-11-18,16.2465
2014-11-17,16.1525
2014-11-14,16.391
2014-11-13,15.824
2014-11-12,15.5755
2014-11-11,15.6005
2014-11-10,15.2555
2014-11-07,14.993
2014-11-06,14.832
2014-11-05,14.826
2014-11-04,15.1405
2014-11-03,15.286
2014-10-31,15.273
2014-10-30,14.9535
2014-10-29,14.706
2014-10-28,14.706
2014-10-27,14.7795
2014-10-24,14.353
2014-10-23,14.353
2014-10-22,15.6485
2014-10-21,15.7665
2014-10-20,15.3105
2014-10-17,15.182
2014-10-16,15.143
2014-10-15,15.2985
2014-10-14,15.4155
2014-10-13,15.3225
2014-10-10,15.5695
2014-10-09,15.7685
2014-10-08,16.135
2014-10-07,15.849
2014-10-06,16.11
2014-10-03,16.137
2014-10-02,15.9205
2014-10-01,15.873
2014-09-30,16.122
2014-09-29,16.091
2014-09-26,16.1605
2014-09-25,16.0965
2014-09-24,16.4105
2014-09-23,16.1815
2014-09-22,16.225
2014-09-19,16.566
2014-09-18,16.25
2014-09-17,16.25
2014-09-16,16.388
2014-09-15,16.1945
2014-09-12,16.5595
2014-09-11,16.526
2014-09-10,16.5665
2014-09-09,16.4875
2014-09-08,17.117
2014-09-05,17.319
2014-09-04,17.2975
2014-09-03,16.95
2014-09-02,17.119
2014-09-01,17.119
2014-08-29,16.952
2014-08-28,17.001
2014-08-27,17.159
2014-08-26,17.0915
2014-08-25,16.701
2014-08-22,16.5795
2014-08-20,16.6455
2014-08-18,16.7565
2014-08-15,16.6815
2014-08-14,16.6605
2014-08-12,15.966
2014-08-11,15.9165
2014-08-08,15.84
2014-08-07,15.5725
2014-08-06,15.6945
2014-08-05,15.616
2014-08-04,15.6825
2014-08-01,15.353
2014-07-31,15.6495
2014-07-30,16.1255
2014-07-29,16.0
2014-07-28,16.0205
2014-07-25,16.2005
2014-07-24,17.9305
2014-07-23,17.907
2014-07-22,18.042
2014-07-21,17.988
2014-07-18,17.933
2014-07-17,17.6227
2014-07-16,17.795
2014-07-15,17.722
2014-07-14,17.766
2014-07-11,17.31
2014-07-10,16.396
2014-07-09,16.4985
2014-07-08,16.1905
2014-07-07,16.6775
2014-07-03,16.8746
2014-07-02,16.6425
2014-07-01,16.6195
2014-06-30,16.239
2014-06-27,16.2285
2014-06-26,16.2845
2014-06-25,16.372
2014-06-24,16.208
2014-06-23,16.362
2014-06-20,16.21
2014-06-19,16.35
2014-06-18,16.719
2014-06-17,16.281
2014-06-16,16.381
2014-06-13,16.3135
2014-06-12,16.2955
2014-06-11,16.76
2014-06-10,16.6205
2014-06-09,16.375
2014-06-06,16.4835
2014-06-05,16.1785
2014-06-04,15.339
2014-06-03,15.3595
2014-06-02,15.442
2014-05-30,15.6275
2014-05-29,15.689
2014-05-28,15.508
2014-05-27,15.541
2014-05-23,15.612
2014-05-22,15.2455
2014-05-21,15.2505
2014-05-20,15.0595
2014-05-19,14.8378
2014-05-16,14.885
2014-05-15,14.7595
2014-05-14,14.881
2014-05-13,15.232
2014-05-12,15.143
2014-05-09,14.612
2014-05-08,14.416
2014-05-07,14.6355
2014-05-06,14.869
2014-05-05,15.5025
2014-05-02,15.4005
2014-05-01,15.3945
2014-04-30,15.2065
2014-04-29,15.019
2014-04-28,14.829
2014-04-25,15.1915
2014-04-24,16.8575
2014-04-23,16.229
2014-04-22,16.466
2014-04-21,16.5435
2014-04-17,16.2455
2014-04-16,16.184
2014-04-15,15.804
2014-04-14,15.7955
2014-04-11,15.5865
2014-04-10,15.8555
2014-04-09,16.5903
2014-04-08,16.3535
2014-04-07,15.888
2014-04-04,16.15
2014-04-03,16.681
2014-04-02,17.098
2014-04-01,17.1495
2014-03-31,16.8183
2014-03-28,16.9145
2014-03-27,16.9235
2014-03-26,17.1705
2014-03-25,17.7355
2014-03-24,17.5925
2014-03-21,18.031
2014-03-20,18.4485
2014-03-19,18.6615
2014-03-18,18.9385
2014-03-17,18.752
2014-03-14,18.687
2014-03-13,18.5755
2014-03-12,18.532
2014-03-11,18.441
2014-03-10,18.5265
2014-03-07,18.603
2014-03-06,18.608
2014-03-05,18.6185
2014-03-04,18.195
2014-03-03,17.989
2014-02-28,18.105
2014-02-27,18.0065
2014-02-26,17.99
2014-02-25,17.916
2014-02-24,17.589
2014-02-21,17.338
2014-02-20,17.49
2014-02-19,17.369
2014-02-18,17.6825
2014-02-14,17.8675
2014-02-13,17.86
2014-02-12,17.4625
2014-02-11,18.0895
2014-02-10,18.0435
2014-02-07,18.054
2014-02-06,17.7295
2014-02-05,17.3225
2014-02-04,17.3975
2014-02-03,17.3075
2014-01-31,17.9345
2014-01-30,20.1505
2014-01-29,19.21
2014-01-28,19.7215
2014-01-27,19.314
2014-01-24,19.38
2014-01-23,19.9935
2014-01-22,20.227
2014-01-21,20.3525
2014-01-17,19.9805
2014-01-16,19.79
2014-01-15,19.7935
2014-01-14,19.877
2014-01-13,19.549
2014-01-10,19.883
2014-01-09,20.0505
2014-01-08,20.096
2014-01-07,19.9015
2014-01-06,19.6815
2014-01-03,19.822
2014-01-02,19.8985
2013-12-31,19.9395
2013-12-30,19.6685
2013-12-27,19.904
2013-12-26,20.2195
2013-12-24,19.96
2013-12-23,20.146
2013-12-20,20.11
2013-12-19,19.7595
2013-12-18,19.798
2013-12-17,19.3825
2013-12-16,19.4485
2013-12-13,19.212
2013-12-12,19.0625
2013-12-11,19.1095
2013-12-10,19.389
2013-12-09,19.2445
2013-12-06,19.3475
2013-12-05,19.2245
2013-12-04,19.298
2013-12-03,19.233
2013-12-02,19.615
2013-11-29,19.3355
2013-11-27,19.3355
2013-11-26,19.0685
2013-11-25,18.832
2013-11-22,18.6155
2013-11-21,18.446
2013-11-20,18.1285
2013-11-19,18.247
2013-11-18,18.309
2013-11-15,18.4585
2013-11-14,18.3698
2013-11-13,17.811
2013-11-12,17.4765
2013-11-11,17.7189
2013-11-08,17.5155
2013-11-07,17.178
2013-11-06,17.809
2013-11-05,17.9446
2013-11-04,17.937
2013-11-01,17.9501
2013-10-31,18.2015
2013-10-30,18.054
2013-10-29,18.135
2013-10-28,17.908
2013-10-25,18.1695
2013-10-24,16.6105
2013-10-23,16.3378
2013-10-22,16.627
2013-10-21,16.322
2013-10-18,16.4466
2013-10-17,15.5385
2013-10-16,15.5245
2013-10-15,15.32
2013-10-14,15.535
2013-10-11,15.5445
2013-10-10,15.2587
2013-10-09,14.9115
2013-10-08,15.1615
2013-10-07,15.5015
2013-10-04,15.952
2013-10-03,15.738
2013-10-02,16.0255
2013-10-01,16.0475
2013-09-30,15.632
2013-09-27,15.8005
2013-09-26,15.906
2013-09-25,15.6325
2013-09-24,15.7065
2013-09-23,15.5745
2013-09-20,15.817
2013-09-19,15.603
2013-09-18,15.6017
2013-09-17,15.2085
2013-09-16,14.803
2013-09-13,14.896
2013-09-12,14.943
2013-09-11,14.982
2013-09-10,15.018
2013-09-09,14.9855
2013-09-06,14.793
2013-09-05,14.705
2013-09-04,14.682
2013-09-03,14.44
2013-08-30,14.049
2013-08-29,14.199
2013-08-28,14.079
2013-08-27,14.0465
2013-08-26,14.3105
2013-08-23,14.5005
2013-08-22,14.4865
2013-08-21,14.2285
2013-08-20,14.3545
2013-08-19,14.2785
2013-08-16,14.241
2013-08-15,14.3235
2013-08-14,14.567
2013-08-13,14.6985
2013-08-12,14.8345
2013-08-09,14.863
2013-08-08,14.787
2013-08-07,14.8455
2013-08-06,15.0375
2013-08-05,15.0495
2013-08-02,15.2105
2013-08-01,15.2785
2013-07-31,15.061
2013-07-30,15.1205
2013-07-29,15.305
2013-07-26,15.6005
2013-07-25,15.17
2013-07-24,14.947
2013-07-23,15.053
2013-07-22,15.174
2013-07-19,15.2615
2013-07-18,15.2055
2013-07-17,15.4345
2013-07-16,15.3435
2013-07-15,15.3285
2013-07-12,15.3775
2013-07-11,14.983
2013-07-10,14.6165
2013-07-09,14.5765
2013-07-08,14.5295
2013-07-05,14.294
2013-07-04,14.2015
2013-07-03,14.2015
2013-07-02,14.1865
2013-07-01,14.105
2013-06-28,13.8845
2013-06-27,13.8775
2013-06-26,13.8785
2013-06-25,13.6044
2013-06-24,13.5305
2013-06-21,13.668
2013-06-20,13.672
2013-06-19,13.908
2013-06-18,14.088
2013-06-17,13.903
2013-06-14,13.6995
2013-06-13,13.7895
2013-06-12,13.5835
2013-06-11,13.739
2013-06-10,14.0535
2013-06-07,13.8435
2013-06-06,13.3915
2013-06-05,13.3585
2013-06-04,13.285
2013-06-03,13.344
2013-05-31,13.46
2013-05-30,13.3415
2013-05-29,13.2765
2013-05-28,13.3645
2013-05-24,13.087
2013-05-23,13.09
2013-05-22,13.148
2013-05-21,13.443
2013-05-20,13.3815
2013-05-17,13.495
2013-05-16,13.206
2013-05-15,13.328
2013-05-14,13.4165
2013-05-13,13.2255
2013-05-10,13.1815
2013-05-09,13.008
2013-05-08,12.934
2013-05-07,12.8865
2013-05-06,12.786
2013-05-03,12.9025
2013-05-02,12.6275
2013-05-01,12.4115
2013-04-30,12.6905
2013-04-29,12.487
2013-04-26,12.7405
2013-04-25,13.735
2013-04-24,13.439
2013-04-23,13.445
2013-04-22,13.1775
2013-04-19,13.016
2013-04-18,12.971
2013-04-17,13.37
2013-04-16,13.617
2013-04-15,13.386
2013-04-12,13.6435
2013-04-11,13.4925
2013-04-10,13.2385
2013-04-09,13.057
2013-04-08,12.9475
2013-04-05,12.774
2013-04-04,12.954
2013-04-03,12.9515
2013-04-02,13.1661
2013-04-01,13.0805
2013-03-29,13.3245
2013-03-28,13.3245
2013-03-27,13.265
2013-03-26,13.0155
2013-03-25,12.801
2013-03-22,12.8875
2013-03-21,12.6695
2013-03-20,12.8639
2013-03-19,12.8205
2013-03-18,12.8945
2013-03-15,13.091
2013-03-14,13.287
2013-03-13,13.755
2013-03-12,13.7065
2013-03-11,13.562
2013-03-08,13.7095
2013-03-07,13.694
2013-03-06,13.6895
2013-03-05,13.7795
2013-03-04,13.6555
2013-03-01,13.287
2013-02-28,13.2135
2013-02-27,13.1625
2013-02-26,12.968
2013-02-25,12.9935
2013-02-22,13.271
2013-02-21,13.297
2013-02-20,13.3205
2013-02-19,13.4875
2013-02-18,13.2545
2013-02-15,13.2545
2013-02-14,13.462
2013-02-13,13.4735
2013-02-12,12.935
2013-02-11,12.8605
2013-02-08,13.0975
2013-02-07,13.0115
2013-02-06,13.111
2013-02-05,13.3445
2013-02-04,12.999
2013-02-01,13.25
2013-01-31,13.275
2013-01-30,13.6382
2013-01-29,13.0175
2013-01-28,13.802
2013-01-25,14.1995
2013-01-24,13.681
2013-01-23,13.4055
2013-01-22,13.5095
2013-01-21,13.606
2013-01-18,13.606
2013-01-17,13.524
2013-01-16,13.4465
2013-01-15,13.595
2013-01-14,13.6365
2013-01-11,13.397
2013-01-10,13.267
2013-01-09,13.3175
2013-01-08,13.319
2013-01-07,13.423
2013-01-04,12.9575
2013-01-03,12.924
2013-01-02,12.8655
2012-12-31,12.5435
2012-12-28,12.259
2012-12-27,12.4155
2012-12-26,12.4316
2012-12-24,12.931
2012-12-21,12.846
2012-12-20,13.075
2012-12-19,12.8995
2012-12-18,13.02
2012-12-17,12.693
2012-12-14,12.4595
2012-12-13,12.5625
2012-12-12,12.588
2012-12-11,12.5345
2012-12-10,12.3885
2012-12-07,12.6634
2012-12-06,12.6685
2012-12-05,12.698
2012-12-04,12.6244
2012-12-03,12.5165
2012-11-30,12.6025
2012-11-29,12.5635
2012-11-28,12.3555
2012-11-27,12.1701
2012-11-26,12.181
2012-11-23,11.994
2012-11-21,11.9015
2012-11-20,11.689
2012-11-19,11.4855
2012-11-16,11.2615
2012-11-15,11.03
2012-11-14,11.1475
2012-11-13,11.33
2012-11-12,11.3235
2012-11-09,11.3155
2012-11-08,11.3675
2012-11-07,11.603
2012-11-06,11.878
2012-11-05,11.7165
2012-11-02,11.6211
2012-11-01,11.607
2012-10-31,11.6447
2012-10-30,11.912
2012-10-26,11.912
2012-10-25,11.146
2012-10-24,11.4245
2012-10-23,11.7155
2012-10-22,11.689
2012-10-19,12.0
2012-10-18,12.2425
2012-10-17,12.3745
2012-10-16,12.197
2012-10-15,12.209
2012-10-12,12.118
2012-10-11,12.211
2012-10-10,12.2495
2012-10-09,12.548
2012-10-08,12.953
2012-10-05,12.9255
2012-10-04,13.0235
2012-10-03,12.796
2012-10-02,12.53
2012-10-01,12.6005
2012-09-28,12.716
2012-09-27,12.8295
2012-09-26,12.4835
2012-09-25,12.623
2012-09-24,12.7403
2012-09-21,12.8735
2012-09-20,13.0405
2012-09-19,13.084
2012-09-18,12.9375
2012-09-17,12.9
2012-09-14,13.0635
2012-09-13,13.012
2012-09-12,12.7815
2012-09-11,12.7835
2012-09-10,12.8545
2012-09-07,12.957
2012-09-06,12.569
2012-09-05,12.311
2012-09-04,12.394
2012-08-31,12.4135
2012-08-30,12.311
2012-08-29,12.356
2012-08-28,12.3055
2012-08-27,12.196
2012-08-24,12.287
2012-08-23,12.0599
2012-08-22,12.155
2012-08-21,11.9725
2012-08-20,12.0175
2012-08-17,12.0585
2012-08-16,12.0775
2012-08-15,11.871
2012-08-14,11.6595
2012-08-13,11.622
2012-08-10,11.6375
2012-08-09,11.703
2012-08-08,11.719
2012-08-07,11.828
2012-08-06,11.6995
2012-08-03,11.7485
2012-08-02,11.5405
2012-08-01,11.6045
2012-07-31,11.665
2012-07-30,11.8045
2012-07-27,11.866
2012-07-26,11.0005
2012-07-25,10.8525
2012-07-24,11.152
2012-07-23,11.3005
2012-07-20,11.4145
2012-07-19,11.3085
2012-07-18,10.8735
2012-07-17,10.8465
2012-07-16,10.8005
2012-07-13,10.9195
2012-07-12,10.768
2012-07-11,10.9185
2012-07-10,10.975
2012-07-09,11.2525
2012-07-06,11.2525
2012-07-05,11.353
2012-07-03,11.4765
2012-07-02,11.466
2012-06-29,11.4175
2012-06-28,11.0655
2012-06-27,11.281
2012-06-26,11.2805
2012-06-25,11.0035
2012-06-22,11.108
2012-06-21,11.0288
2012-06-20,11.151
2012-06-19,11.2015
2012-06-18,11.133
2012-06-15,10.9175
2012-06-14,10.7225
2012-06-13,10.7365
2012-06-12,10.821
2012-06-11,10.825
2012-06-08,10.924
2012-06-07,10.94
2012-06-06,10.882
2012-06-05,10.6605
2012-06-04,10.7285
2012-06-01,10.411
2012-05-31,10.6455
2012-05-30,10.4615
2012-05-29,10.7375
2012-05-25,10.6445
2012-05-24,10.762
2012-05-23,10.864
2012-05-22,10.7665
2012-05-21,10.9055
2012-05-18,10.6925
2012-05-17,10.918
2012-05-16,11.203
2012-05-15,11.2195
2012-05-14,11.1465
2012-05-11,11.384
2012-05-10,11.3345
2012-05-09,11.149
2012-05-08,11.195
2012-05-07,11.258
2012-05-04,11.1995
2012-05-03,11.4725
2012-05-02,11.5125
2012-05-01,11.502
2012-04-30,11.595
2012-04-27,11.3425
2012-04-26,9.7995
2012-04-25,9.721
2012-04-24,9.5165
2012-04-23,9.412
2012-04-20,9.499
2012-04-19,9.555
2012-04-18,9.5535
2012-04-17,9.4195
2012-04-16,9.275
2012-04-13,9.423
2012-04-12,9.5345
2012-04-11,9.3985
2012-04-10,9.349
2012-04-09,9.5935
2012-04-05,9.7195
2012-04-04,9.6995
2012-04-03,9.983
2012-04-02,9.9025
2012-03-30,10.1255
2012-03-29,10.2305
2012-03-28,10.058
2012-03-27,10.272
2012-03-26,10.1435
2012-03-23,9.752
2012-03-22,9.62
2012-03-21,9.5865
2012-03-20,9.6165
2012-03-19,9.276
2012-03-16,9.2525
2012-03-15,9.2215
2012-03-14,9.113
2012-03-13,9.2295
2012-03-12,9.1695
2012-03-09,9.216
2012-03-08,9.382
2012-03-07,9.1885
2012-03-06,9.0545
2012-03-05,9.013
2012-03-02,8.965
2012-03-01,9.002
2012-02-29,8.9845
2012-02-28,9.19
2012-02-27,8.9265
2012-02-24,8.9565
2012-02-23,8.9445
2012-02-22,9.029
2012-02-21,9.113
2012-02-17,9.125
2012-02-16,8.9965
2012-02-15,9.2235
2012-02-14,9.565
2012-02-13,9.5795
2012-02-10,9.277
2012-02-09,9.249
2012-02-08,9.274
2012-02-07,9.2095
2012-02-06,9.157
2012-02-03,9.384
2012-02-02,9.086
2012-02-01,8.973
2012-01-31,9.722
2012-01-30,9.6075
2012-01-27,9.7685
2012-01-26,9.6658
2012-01-25,9.39
2012-01-24,9.35
2012-01-23,9.3045
2012-01-20,9.5465
2012-01-19,9.7225
2012-01-18,9.472
2012-01-17,9.083
2012-01-13,8.921
2012-01-12,8.7965
2012-01-11,8.945
2012-01-10,8.967
2012-01-09,8.928
2012-01-06,9.1305
2012-01-05,8.8805
2012-01-04,8.8755
2012-01-03,8.9515
2011-12-30,8.655
2011-12-29,8.693
2011-12-28,8.6945
2011-12-27,8.8135
2011-12-23,8.864
2011-12-22,8.9515
2011-12-21,8.7175
2011-12-20,9.126
2011-12-19,8.9665
2011-12-16,9.063
2011-12-15,9.063
2011-12-14,9.0105
2011-12-13,9.0255
2011-12-12,9.476
2011-12-09,9.6515
2011-12-08,9.524
2011-12-07,9.766
2011-12-06,9.5995
2011-12-05,9.812
2011-12-02,9.8015
2011-12-01,9.8565
2011-11-30,9.6145
2011-11-29,9.4195
2011-11-28,9.7075
2011-11-25,9.12
2011-11-23,9.4495
2011-11-22,9.617
2011-11-21,9.4625
2011-11-18,9.857
2011-11-17,10.226
2011-11-16,10.5995
2011-11-15,10.8915
2011-11-14,10.9465
2011-11-11,10.8695
2011-11-10,10.5395
2011-11-09,10.561
2011-11-08,10.8995
2011-11-07,10.85
2011-11-04,10.824
2011-11-03,10.9145
2011-11-02,10.781
2011-11-01,10.6053
2011-10-31,10.6755
2011-10-28,10.866
2011-10-27,10.339
2011-10-26,9.92
2011-10-25,11.3575
2011-10-24,11.8805
2011-10-21,11.739
2011-10-20,11.6805
2011-10-19,11.5765
2011-10-18,12.194
2011-10-17,12.1165
2011-10-14,12.3355
2011-10-13,11.8075
2011-10-12,11.8405
2011-10-11,11.774
2011-10-10,11.566
2011-10-07,11.237
2011-10-06,11.0755
2011-10-05,10.9749
2011-10-04,10.625
2011-10-03,10.599
2011-09-30,10.8115
2011-09-29,11.122
2011-09-28,11.4855
2011-09-27,11.2105
2011-09-26,11.4925
2011-09-23,11.1805
2011-09-22,11.1615
2011-09-21,11.5935
2011-09-20,11.6625
2011-09-19,12.0845
2011-09-16,11.965
2011-09-15,11.339
2011-09-14,11.1285
2011-09-13,10.9765
2011-09-12,10.828
2011-09-09,10.5695
2011-09-08,10.863
2011-09-07,10.995
2011-09-06,10.809
2011-09-02,10.5
2011-09-01,10.627
2011-08-31,10.7615
2011-08-30,10.546
2011-08-29,10.3265
2011-08-26,9.9635
2011-08-25,9.6015
2011-08-24,9.6865
2011-08-23,9.6775
2011-08-22,8.877
2011-08-19,8.9465
2011-08-18,9.126
2011-08-17,9.7965
2011-08-16,9.884
2011-08-15,10.1475
2011-08-12,10.115
2011-08-11,9.918
2011-08-10,9.7065
2011-08-09,10.2545
2011-08-08,9.685
2011-08-05,10.135
2011-08-04,10.074
2011-08-03,10.498
2011-08-02,10.585
2011-08-01,11.066
2011-07-29,11.126
2011-07-28,11.195
2011-07-27,11.1259
2011-07-26,10.709
2011-07-25,10.6745
2011-07-22,10.826
2011-07-21,10.6605
2011-07-20,10.7775
2011-07-19,10.903
2011-07-18,10.5765
2011-07-15,10.6435
2011-07-14,10.519
2011-07-13,10.675
2011-07-12,10.5615
2011-07-11,10.6275
2011-07-08,10.914
2011-07-07,10.837
2011-07-06,10.7095
2011-07-05,10.6595
2011-07-01,10.4745
2011-06-30,10.2245
2011-06-29,10.209
2011-06-28,10.1175
2011-06-27,10.0625
2011-06-24,9.6275
2011-06-23,9.708
2011-06-22,9.5815
2011-06-21,9.7115
2011-06-20,9.386
2011-06-17,9.3185
2011-06-16,9.1825
2011-06-15,9.299
2011-06-14,9.498
2011-06-13,9.3145
2011-06-10,9.3265
2011-06-09,9.484
2011-06-08,9.4025
2011-06-07,9.3775
2011-06-06,9.2845
2011-06-03,9.416
2011-06-02,9.6825
2011-06-01,9.6198
2011-05-31,9.8345
2011-05-27,9.7065
2011-05-26,9.75
2011-05-25,9.613
2011-05-24,9.6635
2011-05-23,9.811
2011-05-20,9.9325
2011-05-19,9.9403
2011-05-18,9.8545
2011-05-17,9.7405
2011-05-16,9.6255
2011-05-13,10.128
2011-05-12,10.3035
2011-05-11,10.219
2011-05-10,10.197
2011-05-09,10.04
2011-05-06,9.88
2011-05-05,9.9985
2011-05-04,9.9985
2011-05-03,9.9225
2011-05-02,10.0595
2011-04-29,9.7905
2011-04-28,9.7535
2011-04-27,9.8315
2011-04-26,9.115
2011-04-25,9.271
2011-04-22,9.2945
2011-04-21,9.2945
2011-04-20,9.1935
2011-04-19,8.941
2011-04-18,8.917
2011-04-15,9.0005
2011-04-14,9.091
2011-04-13,9.1145
2011-04-12,9.024
2011-04-11,9.202
2011-04-08,9.2355
2011-04-07,9.2455
2011-04-06,9.138
2011-04-05,9.2645
2011-04-04,9.147
2011-04-01,9.0065
2011-03-31,9.0065
2011-03-30,8.971
2011-03-29,8.731
2011-03-28,8.4675
2011-03-25,8.549
2011-03-24,8.555
2011-03-23,8.266
2011-03-22,8.13
2011-03-21,8.2263
2011-03-18,8.091
2011-03-17,8.0485
2011-03-16,8.235
2011-03-15,8.254
2011-03-14,8.3365
2011-03-11,8.4035
2011-03-10,8.307
2011-03-09,8.4525
2011-03-08,8.3445
2011-03-07,8.454
2011-03-04,8.5835
2011-03-03,8.6395
2011-03-02,8.601
2011-03-01,8.472
2011-02-28,8.6645
2011-02-25,8.862
2011-02-24,8.8875
2011-02-23,8.834
2011-02-22,9.021
2011-02-18,9.325
2011-02-17,9.388
2011-02-16,9.331
2011-02-15,9.4515
2011-02-14,9.521
2011-02-11,9.4625
2011-02-10,9.3105
2011-02-09,9.265
2011-02-08,9.153
2011-02-07,8.8215
2011-02-04,8.7965
2011-02-03,8.6855
2011-02-02,8.6765
2011-02-01,8.6055
2011-01-31,8.482
2011-01-28,8.557
2011-01-27,9.2225
2011-01-26,8.7695
2011-01-25,8.835
2011-01-24,8.8425
2011-01-21,8.871
2011-01-20,9.098
2011-01-19,9.3435
2011-01-18,9.5625
2011-01-14,9.4375
2011-01-13,9.2765
2011-01-12,9.204
2011-01-11,9.217
2011-01-10,9.234
2011-01-07,9.2745
2011-01-06,9.293
2011-01-05,9.371
2011-01-04,9.2505
2011-01-03,9.211
2010-12-31,9.0
2010-12-30,9.1375
2010-12-29,9.1685
2010-12-28,9.0545
2010-12-27,9.107
2010-12-23,9.1295
2010-12-22,9.238
2010-12-21,9.2375
2010-12-20,9.1645
2010-12-17,8.879
2010-12-16,8.902
2010-12-15,8.7785
2010-12-14,8.697
2010-12-13,8.7125
2010-12-10,8.781
2010-12-09,8.7425
2010-12-08,8.8145
2010-12-07,8.8385
2010-12-06,8.9025
2010-12-03,8.784
2010-12-02,8.8265
2010-12-01,8.8275
2010-11-30,8.77
2010-11-29,8.9745
2010-11-26,8.86
2010-11-24,8.8625
2010-11-23,8.41
2010-11-22,8.5195
2010-11-19,8.241
2010-11-18,8.2085
2010-11-17,7.9175
2010-11-16,7.889
2010-11-15,7.945
2010-11-12,8.284
2010-11-11,8.5185
2010-11-10,8.6665
2010-11-09,8.5135
2010-11-08,8.5995
2010-11-05,8.5385
2010-11-04,8.4465
2010-11-03,8.4235
2010-11-02,8.2305
2010-11-01,8.129
2010-10-29,8.2615
2010-10-28,8.342
2010-10-27,8.3755
2010-10-26,8.4975
2010-10-25,8.45
2010-10-22,8.4565
2010-10-21,8.2485
2010-10-20,7.9335
2010-10-19,7.9335
2010-10-18,8.178
2010-10-15,8.232
2010-10-14,7.7765
2010-10-13,7.7585
2010-10-12,7.824
2010-10-11,7.6515
2010-10-08,7.7775
2010-10-07,7.8135
2010-10-06,7.77
2010-10-05,8.0435
2010-10-04,7.7695
2010-10-01,7.6855
2010-09-30,7.853
2010-09-29,7.9495
2010-09-28,7.985
2010-09-27,7.9685
2010-09-24,8.0365
2010-09-23,7.6425
2010-09-22,7.5915
2010-09-21,7.5365
2010-09-20,7.5652
2010-09-17,7.4163
2010-09-16,7.4065
2010-09-15,7.2725
2010-09-14,7.2875
2010-09-13,7.2535
2010-09-10,7.122
2010-09-09,7.019
2010-09-08,6.957
2010-09-07,6.861
2010-09-03,6.9395
2010-09-02,6.7605
2010-09-01,6.6245
2010-08-31,6.2415
2010-08-30,6.1895
2010-08-27,6.332
2010-08-26,6.243
2010-08-25,6.3425
2010-08-24,6.2265
2010-08-23,6.33
2010-08-20,6.388
2010-08-19,6.3785
2010-08-18,6.4825
2010-08-17,6.443
2010-08-16,6.3035
2010-08-13,6.2345
2010-08-12,6.328
2010-08-11,6.2945
2010-08-10,6.5
2010-08-09,6.4415
2010-08-06,6.416
2010-08-05,6.3915
2010-08-04,6.379
2010-08-03,6.121
2010-08-02,6.0035
2010-07-30,5.8945
2010-07-29,5.843
2010-07-28,5.8565
2010-07-27,5.8565
2010-07-26,5.92
2010-07-23,5.9435
2010-07-22,6.0035
2010-07-21,5.8715
2010-07-20,6.005
2010-07-19,5.997
2010-07-16,5.9245
2010-07-15,6.103
2010-07-14,6.165
2010-07-13,6.1825
2010-07-12,5.9755
2010-07-09,5.863
2010-07-08,5.811
2010-07-07,5.6715
2010-07-06,5.503
2010-07-02,5.457
2010-07-01,5.548
2010-06-30,5.463
2010-06-29,5.4305
2010-06-28,5.89
2010-06-25,6.05
2010-06-24,5.9165
2010-06-23,6.0725
2010-06-22,6.1154
2010-06-21,6.1275
2010-06-18,6.2915
2010-06-17,6.2945
2010-06-16,6.345
2010-06-15,6.342
2010-06-14,6.1915
2010-06-11,6.1515
2010-06-10,6.1605
2010-06-09,5.8955
2010-06-08,5.9418
2010-06-07,6.1005
2010-06-04,6.1385
2010-06-03,6.438
2010-06-02,6.3155
2010-06-01,6.162
2010-05-28,6.273
2010-05-27,6.335
2010-05-26,6.1605
2010-05-25,6.243
2010-05-24,6.106
2010-05-21,6.136
2010-05-20,5.9855
2010-05-19,6.2295
2010-05-18,6.314
2010-05-17,6.4455
2010-05-14,6.4267
2010-05-13,6.5735
2010-05-12,6.6935
2010-05-11,6.523
2010-05-10,6.5645
2010-05-07,6.249
2010-05-06,6.4355
2010-05-05,6.5465
2010-05-04,6.4915
2010-05-03,6.8745
2010-04-30,6.855
2010-04-29,7.0865
2010-04-28,6.9675
2010-04-27,7.101
2010-04-26,7.3555
2010-04-23,7.1815
2010-04-22,7.5045
2010-04-21,7.3215
2010-04-20,7.21
2010-04-19,7.1215
2010-04-16,7.1086
2010-04-15,7.291
2010-04-14,7.214
2010-04-13,7.008
2010-04-12,7.06
2010-04-09,7.003
2010-04-08,7.048
2010-04-07,6.7435
2010-04-06,6.778
2010-04-05,6.5745
2010-04-01,6.5905
2010-03-31,6.7885
2010-03-30,6.829
2010-03-29,6.756
2010-03-26,6.753
2010-03-25,6.7365
2010-03-24,6.402
2010-03-23,6.463
2010-03-22,6.5235
2010-03-19,6.5175
2010-03-18,6.638
2010-03-17,6.567
2010-03-16,6.5895
2010-03-15,6.5565
2010-03-12,6.591
2010-03-11,6.679
2010-03-10,6.5255
2010-03-09,6.441
2010-03-08,6.5055
2010-03-05,6.4455
2010-03-04,6.4265
2010-03-03,6.2945
2010-03-02,6.2765
2010-03-01,6.227
2010-02-26,5.92
2010-02-25,5.91
2010-02-24,5.986
2010-02-23,5.862
2010-02-22,5.9005
2010-02-19,5.876
2010-02-18,5.904
2010-02-17,5.8155
2010-02-16,5.8765
2010-02-12,5.983
2010-02-11,6.0045
2010-02-10,5.868
2010-02-09,5.9015
2010-02-08,5.8415
2010-02-05,5.8695
2010-02-04,5.797
2010-02-03,5.955
2010-02-02,5.906
2010-02-01,5.9435
2010-01-29,6.2705
2010-01-28,6.3015
2010-01-27,6.1375
2010-01-26,5.974
2010-01-25,6.0155
2010-01-22,6.0715
2010-01-21,6.331
2010-01-20,6.289
2010-01-19,6.3805
2010-01-18,6.357
2010-01-15,6.357
2010-01-14,6.3675
2010-01-13,6.4555
2010-01-12,6.3675
2010-01-11,6.5154
2010-01-08,6.676
2010-01-07,6.5
2010-01-06,6.6125
2010-01-05,6.7345
2010-01-04,6.695
2009-12-31,6.726
2009-12-30,6.8245
2009-12-29,6.9705
2009-12-28,6.9655
2009-12-24,6.9235
2009-12-23,6.947
2009-12-22,6.6875
2009-12-21,6.6395
2009-12-18,6.424
2009-12-17,6.3455
2009-12-16,6.418
2009-12-15,6.5115
2009-12-14,6.569
2009-12-11,6.7075
2009-12-10,6.769
2009-12-09,6.5655
2009-12-08,6.7055
2009-12-07,6.7105
2009-12-04,6.879
2009-12-03,7.0585
2009-12-02,7.1125
2009-12-01,6.925
2009-11-30,6.7955
2009-11-27,6.587
2009-11-25,6.7015
2009-11-24,6.647
2009-11-23,6.65
2009-11-20,6.483
2009-11-19,6.4495
2009-11-18,6.5645
2009-11-17,6.5625
2009-11-16,6.5795
2009-11-13,6.6485
2009-11-12,6.5265
2009-11-11,6.4955
2009-11-10,6.5075
2009-11-09,6.3335
2009-11-06,6.31
2009-11-05,6.0305
2009-11-04,5.855
2009-11-03,5.9185
2009-11-02,5.942
2009-10-30,5.9405
2009-10-29,6.1289
2009-10-28,6.082
2009-10-27,6.1035
2009-10-26,6.232
2009-10-23,5.9245
2009-10-22,4.6725
2009-10-21,4.671
2009-10-20,4.749
2009-10-19,4.734
2009-10-16,4.766
2009-10-15,4.8005
2009-10-14,4.873
2009-10-13,4.7415
2009-10-12,4.68
2009-10-09,4.7855
2009-10-08,4.761
2009-10-07,4.6985
2009-10-06,4.5455
2009-10-05,4.4335
2009-10-02,4.4925
2009-10-01,4.552
2009-09-30,4.668
2009-09-29,4.586
2009-09-28,4.6105
2009-09-25,4.526
2009-09-24,4.6055
2009-09-23,4.619
2009-09-22,4.6875
2009-09-21,4.528
2009-09-18,4.514
2009-09-17,4.522
2009-09-16,4.535
2009-09-15,4.1775
2009-09-14,4.193
2009-09-11,4.227
2009-09-10,4.1925
2009-09-09,4.112
2009-09-08,4.045
2009-09-04,3.9435
2009-09-03,3.923
2009-09-02,3.907
2009-09-01,3.958
2009-08-31,4.0595
2009-08-28,4.138
2009-08-27,4.2155
2009-08-26,4.2
2009-08-25,4.2095
2009-08-24,4.225
2009-08-21,4.25
2009-08-20,4.2045
2009-08-19,4.15
2009-08-18,4.106
2009-08-17,4.053
2009-08-14,4.179
2009-08-13,4.23
2009-08-12,4.298
2009-08-11,4.178
2009-08-10,4.222
2009-08-07,4.266
2009-08-06,4.2235
2009-08-05,4.2145
2009-08-04,4.29
2009-08-03,4.372
2009-07-31,4.288
2009-07-30,4.3045
2009-07-29,4.217
2009-07-28,4.249
2009-07-27,4.212
2009-07-24,4.3245
2009-07-23,4.6935
2009-07-22,4.4395
2009-07-21,4.4505
2009-07-20,4.4115
2009-07-17,4.2925
2009-07-16,4.3055
2009-07-15,4.2275
2009-07-14,4.0975
2009-07-13,4.0735
2009-07-10,3.8815
2009-07-09,3.905
2009-07-08,3.868
2009-07-07,3.7815
2009-07-06,3.905
2009-07-03,3.966
2009-07-02,3.966
2009-07-01,4.08
2009-06-30,4.183
2009-06-29,4.1515
2009-06-26,4.194
2009-06-25,4.11
2009-06-24,3.9635
2009-06-23,3.884
2009-06-22,3.9575
2009-06-19,4.148
2009-06-18,4.0798
2009-06-17,4.1325
2009-06-16,4.1075
2009-06-15,4.159
2009-06-12,4.204
2009-06-11,4.2845
2009-06-10,4.3295
2009-06-09,4.354
2009-06-08,4.318
2009-06-05,4.378
2009-06-04,4.276
2009-06-03,4.284
2009-06-02,4.2465
2009-06-01,4.1525
2009-05-29,3.8995
2009-05-28,3.8825
2009-05-27,3.855
2009-05-26,3.9195
2009-05-22,3.782
2009-05-21,3.798
2009-05-20,3.8985
2009-05-19,3.8935
2009-05-18,3.7975
2009-05-15,3.68
2009-05-14,3.7555
2009-05-13,3.7095
2009-05-12,3.8965
2009-05-11,3.9305
2009-05-08,3.8975
2009-05-07,3.964
2009-05-06,4.0995
2009-05-05,4.095
2009-05-04,3.9885
2009-05-01,3.948
2009-04-30,4.026
2009-04-29,3.9895
2009-04-28,4.12
2009-04-27,4.156
2009-04-24,4.223
2009-04-23,4.0305
2009-04-22,3.96
2009-04-21,3.937
2009-04-20,3.8785
2009-04-17,3.9025
2009-04-16,3.8625
2009-04-15,3.7355
2009-04-14,3.861
2009-04-13,3.947
2009-04-09,3.9885
2009-04-08,3.849
2009-04-07,3.7755
2009-04-06,3.8995
2009-04-03,3.9085
2009-04-02,3.817
2009-04-01,3.675
2009-03-31,3.672
2009-03-30,3.572
2009-03-27,3.526
2009-03-26,3.6845
2009-03-25,3.62
2009-03-24,3.6405
2009-03-23,3.779
2009-03-20,3.498
2009-03-19,3.505
2009-03-18,3.5625
2009-03-17,3.5675
2009-03-16,3.349
2009-03-13,3.4315
2009-03-12,3.479
2009-03-11,3.427
2009-03-10,3.2855
2009-03-09,3.0245
2009-03-06,3.0845
2009-03-05,3.2385
2009-03-04,3.2405
2009-03-03,3.085
2009-03-02,3.0995
2009-02-27,3.2395
2009-02-26,3.117
2009-02-25,3.1855
2009-02-24,3.28
2009-02-23,3.0855
2009-02-20,3.193
2009-02-19,3.0975
2009-02-18,3.1175
2009-02-17,3.0835
2009-02-13,3.163
2009-02-12,3.198
2009-02-11,3.2177
2009-02-10,3.1655
2009-02-09,3.3355
2009-02-06,3.3275
2009-02-05,3.159
2009-02-04,3.053
2009-02-03,3.1795
2009-02-02,3.0575
2009-01-30,2.941
2009-01-29,2.5
2009-01-28,2.518
2009-01-27,2.422
2009-01-26,2.4815
2009-01-23,2.5315
2009-01-22,2.497
2009-01-21,2.527
2009-01-20,2.422
2009-01-19,2.5795
2009-01-16,2.5795
2009-01-15,2.572
2009-01-14,2.4245
2009-01-13,2.5725
2009-01-12,2.596
2009-01-09,2.7755
2009-01-08,2.858
2009-01-07,2.81
2009-01-06,2.868
2009-01-05,2.703
2009-01-02,2.718
